plant,arm,runs,real_evals,median_gap_to_floor_pct,q25_gap_to_floor_pct,q75_gap_to_floor_pct,max_gap_to_floor_pct,median_change_vs_commissioned_pct,worse_than_commissioned,beats_hgs_only,within_1pct_of_floor,below_floor
P001,commissioned-6,10,0,0.045608354039561316,0.008876821073106056,0.16149935781227254,1.7213674568716364,0.0,0,4,9,1
P001,HGS-only,10,0,0.018212608575740585,5.551115123125783e-15,0.05629252740045332,0.24795163456465819,-0.003011402923225326,4,0,10,0
P001,HGS+BO(5),10,5,0.018212608575740585,5.551115123125783e-15,0.05629252740045332,0.24795163456465819,-0.003011402923225326,4,0,10,0
P001,HGS+BO(10),10,10,0.018212608575740585,5.551115123125783e-15,0.05629252740045332,0.24795163456465819,-0.003011402923225326,4,0,10,0
P001,WS-BO(30),30,30,0.16232727265613756,0.021304488267170907,0.43591846115446087,0.9847146873225521,0.07814452758607704,19,7,30,3
P001,CS-BO(30),30,30,0.04714995439931702,0.011786529276525126,0.20614998578639687,1.4182123428079896,0.006459696549532268,17,12,29,3
P049,commissioned-6,10,0,2.5003944785970456,1.5824130652328405,4.340424496249307,9.007218288232565,0.0,0,0,0,0
P049,HGS-only,10,0,2.220446049250313e-14,0.0,0.033710445817014545,0.06516984012443494,-2.4059287062961676,0,0,10,1
P049,HGS+BO(5),10,5,2.220446049250313e-14,0.0,0.033710445817014545,0.06516984012443494,-2.4059287062961676,0,0,10,1
P049,HGS+BO(10),10,10,2.220446049250313e-14,0.0,0.033710445817014545,0.06516984012443494,-2.4059287062961676,0,0,10,1
P049,WS-BO(30),30,30,0.3619231388644062,0.13085127454068868,0.8131837921210028,2.660432592559414,-1.6098642590337553,0,2,24,4
P049,CS-BO(30),30,30,0.2770435581643249,0.07520358732485688,0.545318383383081,1.9840278009459755,-1.9989723329637055,1,5,29,5
P053,commissioned-6,10,0,3.2584768140838327,0.7738440156008719,19.08877107200292,65.72711985244133,0.0,0,0,3,0
P053,HGS-only,10,0,0.004990149682027045,0.0,0.05798199373137636,0.1849010995895961,-3.0717065514136834,0,0,10,0
P053,HGS+BO(5),10,5,0.004990149682027045,0.0,0.05798199373137636,0.1849010995895961,-3.0717065514136834,0,0,10,0
P053,HGS+BO(10),10,10,0.0,-0.01014842234806912,0.04900374892214954,0.18334941586235498,-3.076908232965664,0,6,10,4
P053,WS-BO(30),30,30,0.3114427495760741,0.10953876748416302,0.6570895086028206,2.6474710351378272,-2.951921529448237,4,2,25,1
P053,CS-BO(30),30,30,0.10007870512651618,0.04200592730357333,0.35019038902283084,2.203502984733019,-3.030654906523206,2,11,26,5
P158,commissioned-6,10,0,2.6276558317994025,0.5603310538934869,5.559909004389718,12.448705072728504,0.0,0,1,4,0
P158,HGS-only,10,0,0.18652739328610668,0.061890990722002215,0.3996667504438278,2.56550165496392,-2.474684173876102,1,0,9,1
P158,HGS+BO(5),10,5,0.18652739328610668,0.061890990722002215,0.3635823619850431,2.4529463589616274,-2.474684173876102,1,2,9,1
P158,HGS+BO(10),10,10,0.17969122901271284,0.061890990722002215,0.3450653676622062,2.4529463589616274,-2.540410001016852,1,5,9,2
P158,WS-BO(30),30,30,0.36749255207203513,0.04145237124913992,0.5809812276609982,4.295829277478469,-2.2220291921399573,3,16,27,4
P158,CS-BO(30),30,30,0.3783754387526761,0.08724466127437713,0.5205132811678725,2.1387553562140393,-2.270776078441611,6,15,28,7
P186,commissioned-6,10,0,1.5989718714810919,0.914217922693844,4.870488907396836,20.91053046615805,0.0,0,0,4,0
P186,HGS-only,10,0,0.32606774891209556,0.03684859104067795,0.6890708815692537,3.434902577233867,-1.2847053139925069,0,0,8,1
P186,HGS+BO(5),10,5,0.23541497482340024,0.03684859104067795,0.6890708815692537,3.434902577233867,-1.3735292204939242,0,1,8,1
P186,HGS+BO(10),10,10,0.20438882220107368,0.03684859104067795,0.34920205118672,1.7992433953162301,-1.3735292204939242,0,5,9,1
P186,WS-BO(30),30,30,0.06673615341324934,0.013348605075286235,0.18954218303188775,7.57435132854789,-1.22064992529049,0,18,27,5
P186,CS-BO(30),30,30,0.033641493086433716,-0.00011148417510542519,0.1313548589872815,7.518904381129454,-1.262822833546845,1,17,27,8
P189,commissioned-6,10,0,2.126903178080386,1.186151655427925,9.109104859535583,83.14509603044726,0.0,0,2,2,0
P189,HGS-only,10,0,1.113410503896839,0.6914941450252121,2.177951724635668,22.53071975548582,-1.2423081989589468,2,0,4,0
P189,HGS+BO(5),10,5,0.9489414807177576,0.576018229922376,1.3406146777160843,3.243635027048919,-1.2423081989589468,2,3,5,0
P189,HGS+BO(10),10,10,0.9489414807177576,0.576018229922376,1.3391521094251568,3.243635027048919,-1.2423081989589468,2,5,5,0
P189,WS-BO(30),30,30,0.06786887858074575,0.017196483686016117,0.16191590438458525,0.43423855454458593,-1.9468668069099027,0,30,30,4
P189,CS-BO(30),30,30,0.03568346744143858,0.020342018118052474,0.07536479806139473,0.2908866487769446,-2.0332366151725676,0,30,30,2
