pool,drift,arm,seed,S_plant,real_evals,gap_to_floor_pct,change_vs_commissioned_pct,beats_hgs_only
P001,D01,commissioned-6,0,0.5191577219709503,0,0.025948513836926423,0.0,False
P001,D01,HGS-only,0,0.5190311304638321,0,0.001558169559223721,-0.024384016987677448,False
P001,D01,HGS+BO(5),0,0.5190311304638321,5,0.001558169559223721,-0.024384016987677448,False
P001,D01,HGS+BO(10),0,0.5190311304638321,10,0.001558169559223721,-0.024384016987677448,False
P001,D01,WS-BO(30),0,0.5220792478857974,30,0.5888379564342516,0.5627434190433878,False
P001,D01,WS-BO(30),1,0.520350736585774,30,0.25580624952765696,0.22979810649728094,False
P001,D01,WS-BO(30),2,0.5217849323694519,30,0.5321322821489227,0.5060524552206402,False
P001,D01,CS-BO(30),0,0.5192741243033607,30,0.04837571315579048,0.02242138130363891,False
P001,D01,CS-BO(30),1,0.5194066849037207,30,0.07391612067630948,0.04795516318722992,False
P001,D01,CS-BO(30),2,0.522327259157856,30,0.6366222071155558,0.610515273638379,False
P001,D02,commissioned-6,0,0.5853110812636408,0,0.18246360497611303,0.0,False
P001,D02,HGS-only,0,0.5842450466895567,0,0.0,-0.1821312816737808,False
P001,D02,HGS+BO(5),0,0.5842450466895567,5,0.0,-0.1821312816737808,False
P001,D02,HGS+BO(10),0,0.5842450466895567,10,0.0,-0.1821312816737808,False
P001,D02,WS-BO(30),0,0.5842288894758095,30,-0.0027654857903680607,-0.1848917306494391,True
P001,D02,WS-BO(30),1,0.5848294974156719,30,0.10003520430799107,-0.08227827276552357,False
P001,D02,WS-BO(30),2,0.5843657030939993,30,0.02065167777223209,-0.1615172170669643,False
P001,D02,CS-BO(30),0,0.5842815168579223,30,0.006242272582746011,-0.1759003782220936,False
P001,D02,CS-BO(30),1,0.5843913230527877,30,0.025036817010248846,-0.15714006453925178,False
P001,D02,CS-BO(30),2,0.5889744493416269,30,0.8094895590245788,0.6258839436419139,False
P001,D03,commissioned-6,0,0.47023071805532446,0,0.037036128402556656,0.0,True
P001,D03,HGS-only,0,0.47033500687539137,0,0.05922256595380926,0.022178223595892277,False
P001,D03,HGS+BO(5),0,0.47033500687539137,5,0.05922256595380926,0.022178223595892277,False
P001,D03,HGS+BO(10),0,0.47033500687539137,10,0.05922256595380926,0.022178223595892277,False
P001,D03,WS-BO(30),0,0.4701659761752735,30,0.023262919751987354,-0.013768109475853496,True
P001,D03,WS-BO(30),1,0.47004870990731445,30,-0.0016843442910197126,-0.03870613743881535,True
P001,D03,WS-BO(30),2,0.4700511278568684,30,-0.0011699489153027542,-0.038191932504694215,True
P001,D03,CS-BO(30),0,0.47030501409744013,30,0.05284189260286176,0.015799912524405713,True
P001,D03,CS-BO(30),1,0.470259556365186,30,0.04317119983605622,0.006132800081792844,True
P001,D03,CS-BO(30),2,0.47044387787337727,30,0.08238381752814217,0.04533090031513254,False
P001,D04,commissioned-6,0,0.6925494463600584,0,1.7213674568716364,0.0,False
P001,D04,HGS-only,0,0.6808298626674374,0,0.0,-1.6922378256480464,False
P001,D04,HGS+BO(5),0,0.6808298626674374,5,0.0,-1.6922378256480464,False
P001,D04,HGS+BO(10),0,0.6808298626674374,10,0.0,-1.6922378256480464,False
P001,D04,WS-BO(30),0,0.680920355944111,30,0.013291613901755817,-1.6791711374643747,False
P001,D04,WS-BO(30),1,0.6819745310843387,30,0.1681284091177515,-1.5269545490650516,False
P001,D04,WS-BO(30),2,0.6809040566876351,30,0.010897586058722375,-1.6815246526626915,False
P001,D04,CS-BO(30),0,0.6808492531619146,30,0.002848067562899459,-1.6894379541617432,False
P001,D04,CS-BO(30),1,0.6863027701051936,30,0.8038583114309716,-0.9019827086277354,False
P001,D04,CS-BO(30),2,0.68250957046914,30,0.24671476587727614,-1.4496980603604048,False
P001,D05,commissioned-6,0,0.43199083461323,0,0.20562751561477022,0.0,True
P001,D05,HGS-only,0,0.43217329573764723,0,0.24795163456465819,0.04223726750605117,False
P001,D05,HGS+BO(5),0,0.43217329573764723,5,0.24795163456465819,0.04223726750605117,False
P001,D05,HGS+BO(10),0,0.43217329573764723,10,0.24795163456465819,0.04223726750605117,False
P001,D05,WS-BO(30),0,0.4320985338706512,30,0.23060969303185797,0.024930912600873434,True
P001,D05,WS-BO(30),1,0.4311049756770528,30,0.00014155740126753358,-0.20506428960936907,True
P001,D05,WS-BO(30),2,0.4353495134208655,30,0.9847146873225521,0.7774884415412631,False
P001,D05,CS-BO(30),0,0.4315764914936443,30,0.10951549429831786,-0.09591479410823167,True
P001,D05,CS-BO(30),1,0.4320899355979544,30,0.22861521712611577,0.022940529470516502,True
P001,D05,CS-BO(30),2,0.43397956640465923,30,0.6669384999064665,0.46036434851906005,False
P001,D06,commissioned-6,0,0.5491689030436893,0,-0.005870027938092992,0.0,True
P001,D06,HGS-only,0,0.5493926315274359,0,0.03486704759225745,0.04073946694844732,False
P001,D06,HGS+BO(5),0,0.5493926315274359,5,0.03486704759225745,0.04073946694844732,False
P001,D06,HGS+BO(10),0,0.5493926315274359,10,0.03486704759225745,0.04073946694844732,False
P001,D06,WS-BO(30),0,0.5500607846305396,30,0.1565261361945236,0.1624056973924093,False
P001,D06,WS-BO(30),1,0.5507724997926934,30,0.2861171200121637,0.2920042886835672,False
P001,D06,WS-BO(30),2,0.5527713491608911,30,0.6500729128663618,0.6559814470986636,False
P001,D06,CS-BO(30),0,0.5491598038938882,30,-0.00752682526000692,-0.001656894582091617,True
P001,D06,CS-BO(30),1,0.5491766504646618,30,-0.004459356985342389,0.0014107537643859303,True
P001,D06,CS-BO(30),2,0.5569899796769375,30,1.4182123428079896,1.4241659696863973,False
P001,D07,commissioned-6,0,0.55350724139833,0,0.09860661632075107,0.0,False
P001,D07,HGS-only,0,0.5532246545746237,0,0.0475024117403855,-0.051053862094452285,False
P001,D07,HGS+BO(5),0,0.5532246545746237,5,0.0475024117403855,-0.051053862094452285,False
P001,D07,HGS+BO(10),0,0.5532246545746237,10,0.0475024117403855,-0.051053862094452285,False
P001,D07,WS-BO(30),0,0.5554063996638269,30,0.44205848452005814,0.3431135355517867,False
P001,D07,WS-BO(30),1,0.5539144991782732,30,0.17225684753179316,0.07357767875164622,False
P001,D07,WS-BO(30),2,0.5529860697509327,30,0.004355716223014561,-0.09415805402666066,True
P001,D07,CS-BO(30),0,0.5529914168966903,30,0.005322716832356633,-0.09319200600457211,True
P001,D07,CS-BO(30),1,0.5532000095722307,30,0.043045504558181236,-0.05550637880059606,True
P001,D07,CS-BO(30),2,0.5532159276395743,30,0.04592419564284356,-0.052630523499519466,True
P001,D08,commissioned-6,0,0.5493668775305834,0,0.003186256818499267,0.0,False
P001,D08,HGS-only,0,0.5493493738487017,0,0.0,-0.003186155299417237,False
P001,D08,HGS+BO(5),0,0.5493493738487017,5,0.0,-0.003186155299417237,False
P001,D08,HGS+BO(10),0,0.5493493738487017,10,0.0,-0.003186155299417237,False
P001,D08,WS-BO(30),0,0.5496583728682858,30,0.05624817908123081,0.05306023162747753,False
P001,D08,WS-BO(30),1,0.5516428986458054,30,0.41749839105766906,0.4142989336111347,False
P001,D08,WS-BO(30),2,0.5532265544007765,30,0.7057768219360216,0.70256817949097,False
P001,D08,CS-BO(30),0,0.5494454298808351,30,0.017485417606000198,0.014298705194026873,False
P001,D08,CS-BO(30),1,0.5494046102395889,30,0.01005487464200705,0.006868398978654433,False
P001,D08,CS-BO(30),2,0.5501116196817133,30,0.1387542917672402,0.13556371554059865,False
P001,D09,commissioned-6,0,0.5486228622920926,0,0.002836731015198879,0.0,False
P001,D09,HGS-only,0,0.5486072997786682,0,2.220446049250313e-14,-0.0028366505470334147,False
P001,D09,HGS+BO(5),0,0.5486072997786682,5,2.220446049250313e-14,-0.0028366505470334147,False
P001,D09,HGS+BO(10),0,0.5486072997786682,10,2.220446049250313e-14,-0.0028366505470334147,False
P001,D09,WS-BO(30),0,0.5490440903677319,30,0.07961807822098876,0.076779169187291,False
P001,D09,WS-BO(30),1,0.5497456416258769,30,0.20749666431125746,0.20465412780894532,False
P001,D09,WS-BO(30),2,0.5519048246156243,30,0.6010719941726306,0.598218293313546,False
P001,D09,CS-BO(30),0,0.5485932038550445,30,-0.0025694013968124985,-0.005405979058936694,True
P001,D09,CS-BO(30),1,0.548660095092956,30,0.009623516549850386,0.0067865930172716915,False
P001,D09,CS-BO(30),2,0.5493447402603321,30,0.13442046468603586,0.13158000110014,False
P001,D10,commissioned-6,0,0.49317843223399027,0,0.054180579676565976,0.0,True
P001,D10,HGS-only,0,0.4934774321386831,0,0.11484055282648953,0.06062712502217238,False
P001,D10,HGS+BO(5),0,0.4934774321386831,5,0.11484055282648953,0.06062712502217238,False
P001,D10,HGS+BO(10),0,0.4934774321386831,10,0.11484055282648953,0.06062712502217238,False
P001,D10,WS-BO(30),0,0.49357212629846303,30,0.1340517468755742,0.07982791597138661,False
P001,D10,WS-BO(30),1,0.49357055784316145,30,0.13373354457855147,0.07950988598486308,False
P001,D10,WS-BO(30),2,0.4958564722291489,30,0.5974912351353723,0.5430164460006326,False
P001,D10,CS-BO(30),0,0.49299507370711426,30,0.016981493180079354,-0.0371789427297986,True
P001,D10,CS-BO(30),1,0.49305620222464996,30,0.029383016305040144,-0.02478413518340883,True
P001,D10,CS-BO(30),2,0.4959545248873849,30,0.6173837886864764,0.562898227487274,False
P049,D01,commissioned-6,0,0.21091109637591535,0,1.8457493550442017,0.0,False
P049,D01,HGS-only,0,0.20721315837071994,0,0.060071533065775284,-1.753316003158234,False
P049,D01,HGS+BO(5),0,0.20721315837071994,5,0.060071533065775284,-1.753316003158234,False
P049,D01,HGS+BO(10),0,0.20721315837071994,10,0.060071533065775284,-1.753316003158234,False
P049,D01,WS-BO(30),0,0.20904638142949863,30,0.9453069681113035,-0.8841236798149077,False
P049,D01,WS-BO(30),1,0.20814434441799293,30,0.5097270628272366,-1.3118095754388936,False
P049,D01,WS-BO(30),2,0.2079761124544437,30,0.4284904153129432,-1.391573972115967,False
P049,D01,CS-BO(30),0,0.2078469090878553,30,0.36610008158703966,-1.4528336065346759,False
P049,D01,CS-BO(30),1,0.20819542068303323,30,0.534391011650559,-1.287592611079058,False
P049,D01,CS-BO(30),2,0.20795849010639808,30,0.4199808524073312,-1.3999293163100002,False
P049,D02,commissioned-6,0,0.23169269089903996,0,1.52376330757229,0.0,False
P049,D02,HGS-only,0,0.22831651877417766,0,0.04438258839585263,-1.457176793865056,False
P049,D02,HGS+BO(5),0,0.22831651877417766,5,0.04438258839585263,-1.457176793865056,False
P049,D02,HGS+BO(10),0,0.22831651877417766,10,0.04438258839585263,-1.457176793865056,False
P049,D02,WS-BO(30),0,0.23008765211843674,30,0.8204628425073635,-0.6927446758787092,False
P049,D02,WS-BO(30),1,0.22844419729503915,30,0.10032912637729652,-1.4020699536941073,False
P049,D02,WS-BO(30),2,0.2282100617325826,30,-0.0022650613482166904,-1.5031243121842452,True
P049,D02,CS-BO(30),0,0.22840226615981848,30,0.08195562209951657,-1.4201676912869332,False
P049,D02,CS-BO(30),1,0.23035444203768832,30,0.9373656093138782,-0.5775964948047441,False
P049,D02,CS-BO(30),2,0.2292756452122131,30,0.4646553432216649,-1.0432118844353577,False
P049,D03,commissioned-6,0,0.20244636339097793,0,4.695217554338815,0.0,False
P049,D03,HGS-only,0,0.19337062150322365,0,0.0016940180805002925,-4.483035276966973,False
P049,D03,HGS+BO(5),0,0.19337062150322365,5,0.0016940180805002925,-4.483035276966973,False
P049,D03,HGS+BO(10),0,0.19337062150322365,10,0.0016940180805002925,-4.483035276966973,False
P049,D03,WS-BO(30),0,0.19487557223220778,30,0.7799798876827246,-3.7396528304877164,False
P049,D03,WS-BO(30),1,0.1939296674641592,30,0.2908048597012325,-4.206890054315626,False
P049,D03,WS-BO(30),2,0.19369155354795575,30,0.1676641529872791,-4.32450832723249,False
P049,D03,CS-BO(30),0,0.1937515755252672,30,0.19870454248800407,-4.294859991591338,False
P049,D03,CS-BO(30),1,0.194474558209555,30,0.5725953259611005,-3.9377369135681906,False
P049,D03,CS-BO(30),2,0.19385433650785974,30,0.251847425612306,-4.244100382541671,False
P049,D04,commissioned-6,0,0.2806839555424533,0,3.1550396021498894,0.0,False
P049,D04,HGS-only,0,0.27209912053254975,0,0.0,-3.0585414094341012,False
P049,D04,HGS+BO(5),0,0.27209912053254975,5,0.0,-3.0585414094341012,False
P049,D04,HGS+BO(10),0,0.27209912053254975,10,0.0,-3.0585414094341012,False
P049,D04,WS-BO(30),0,0.275865722956372,30,1.3842758537588429,-1.7166042058832653,False
P049,D04,WS-BO(30),1,0.27707484296790075,30,1.8286433361535792,-1.2858278869476214,False
P049,D04,WS-BO(30),2,0.2723298210819143,30,0.0847854814499227,-2.9763491270435094,False
P049,D04,CS-BO(30),0,0.27215886305257997,30,0.021956160649572176,-3.0372567870499134,False
P049,D04,CS-BO(30),1,0.2738800870659485,30,0.6545285886676355,-2.424031848687447,False
P049,D04,CS-BO(30),2,0.27209785027447564,30,-0.00046683652326073855,-3.0589939675689792,True
P049,D05,commissioned-6,0,0.19810094054101327,0,7.84782519756686,0.0,False
P049,D05,HGS-only,0,0.18368561459455612,0,0.0,-7.276757953338797,False
P049,D05,HGS+BO(5),0,0.18368561459455612,5,0.0,-7.276757953338797,False
P049,D05,HGS+BO(10),0,0.18368561459455612,10,0.0,-7.276757953338797,False
P049,D05,WS-BO(30),0,0.18513270132328755,30,0.7878062372633554,-6.546278469102407,False
P049,D05,WS-BO(30),1,0.1885724465530728,30,2.660432592559414,-4.809918601051654,False
P049,D05,WS-BO(30),2,0.1839278783589928,30,0.13189043952701596,-7.1544648618597435,False
P049,D05,CS-BO(30),0,0.1843997035810156,30,0.3887560754475272,-6.916290716530482,False
P049,D05,CS-BO(30),1,0.18366842896324115,30,-0.009356002838278865,-7.285433142496423,True
P049,D05,CS-BO(30),2,0.18368100314202593,30,-0.002510513705922257,-7.279085783038952,True
P049,D06,commissioned-6,0,0.21715458451823894,0,1.758362338214492,0.0,False
P049,D06,HGS-only,0,0.21354127446702104,0,0.06516984012443494,-1.6639345005006856,False
P049,D06,HGS+BO(5),0,0.21354127446702104,5,0.06516984012443494,-1.6639345005006856,False
P049,D06,HGS+BO(10),0,0.21354127446702104,10,0.06516984012443494,-1.6639345005006856,False
P049,D06,WS-BO(30),0,0.2169226432005493,30,1.6496749315036086,-0.10680931199504862,False
P049,D06,WS-BO(30),1,0.2157093239700543,30,1.0811150820187798,-0.6655445711132302,False
P049,D06,WS-BO(30),2,0.21339055693872847,30,-0.005456202096765228,-1.7333401400946857,True
P049,D06,CS-BO(30),0,0.21373676067928218,30,0.15677443075985398,-1.5739128172399641,False
P049,D06,CS-BO(30),1,0.21763615958168872,30,1.9840278009459755,0.2217660126854648,False
P049,D06,CS-BO(30),2,0.2151572638544358,30,0.822420413415692,-0.919769052186592,False
P049,D07,commissioned-6,0,0.2491559999575409,0,9.007218288232565,0.0,False
P049,D07,HGS-only,0,0.2285683497571074,0,2.220446049250313e-14,-8.262955820426509,False
P049,D07,HGS+BO(5),0,0.2285683497571074,5,2.220446049250313e-14,-8.262955820426509,False
P049,D07,HGS+BO(10),0,0.2285683497571074,10,2.220446049250313e-14,-8.262955820426509,False
P049,D07,WS-BO(30),0,0.22971305937032788,30,0.5008172016978563,-7.803520922846063,False
P049,D07,WS-BO(30),1,0.22924343977774217,30,0.2953558624158692,-7.992005082435128,False
P049,D07,WS-BO(30),2,0.2287088118502937,30,0.061452993529331756,-8.206580660602846,False
P049,D07,CS-BO(30),0,0.22861979631166937,30,0.022508170801716076,-8.242307489834133,False
P049,D07,CS-BO(30),1,0.2308529323060285,30,0.9995183284776221,-7.346027249848075,False
P049,D07,CS-BO(30),2,0.22873509701746078,30,0.07295290906663698,-8.196030978005775,False
P049,D08,commissioned-6,0,0.21886773108446983,0,1.152329522607598,0.0,False
P049,D08,HGS-only,0,0.2163743851648546,0,2.220446049250313e-14,-1.139202159798025,False
P049,D08,HGS+BO(5),0,0.2163743851648546,5,2.220446049250313e-14,-1.139202159798025,False
P049,D08,HGS+BO(10),0,0.2163743851648546,10,2.220446049250313e-14,-1.139202159798025,False
P049,D08,WS-BO(30),0,0.21808665659375862,30,0.7913466409619208,-0.35687055686146607,False
P049,D08,WS-BO(30),1,0.2166567643100057,30,0.13050488621191292,-1.0101839880685026,False
P049,D08,WS-BO(30),2,0.21694357781184798,30,0.26305916319981915,-0.8791397722669569,False
P049,D08,CS-BO(30),0,0.2166713046295013,30,0.13722486810097134,-1.0035405603582737,False
P049,D08,CS-BO(30),1,0.21663946640600998,30,0.1225104537921462,-1.018087347741492,False
P049,D08,CS-BO(30),2,0.21637432565243442,30,-2.750437400056427e-05,-1.1392293508416307,True
P049,D09,commissioned-6,0,0.21869810469414813,0,1.1557460030695133,0.0,False
P049,D09,HGS-only,0,0.21619938889829537,0,0.0,-1.1425411296303811,False
P049,D09,HGS+BO(5),0,0.21619938889829537,5,0.0,-1.1425411296303811,False
P049,D09,HGS+BO(10),0,0.21619938889829537,10,0.0,-1.1425411296303811,False
P049,D09,WS-BO(30),0,0.21847733204543215,30,1.0536307057779748,-0.10094858802033313,False
P049,D09,WS-BO(30),1,0.21648583110297426,30,0.13248983086331378,-1.0115650495772566,False
P049,D09,WS-BO(30),2,0.21677983442655005,30,0.26847695139773364,-0.8771316378259453,False
P049,D09,CS-BO(30),0,0.21651149293229305,30,0.1443593506846197,-0.9998311439018082,False
P049,D09,CS-BO(30),1,0.21691587320441785,30,0.3313997832156357,-0.8149277252414877,False
P049,D09,CS-BO(30),2,0.21619938649460335,30,-1.1117940901250734e-06,-1.1425422287217657,True
P049,D10,commissioned-6,0,0.20375679452915876,0,3.2760453219807806,0.0,False
P049,D10,HGS-only,0,0.19719338742463433,0,-0.05067922313112261,-3.2211966819026383,False
P049,D10,HGS+BO(5),0,0.19719338742463433,5,-0.05067922313112261,-3.2211966819026383,False
P049,D10,HGS+BO(10),0,0.19719338742463433,10,-0.05067922313112261,-3.2211966819026383,False
P049,D10,WS-BO(30),0,0.1983955713085041,30,0.5586589712726076,-2.631187457107076,False
P049,D10,WS-BO(30),1,0.19720497408284657,30,-0.044806416575526864,-3.2155101681159315,False
P049,D10,WS-BO(30),2,0.19719765026715516,30,-0.0485185613558925,-3.219104559021202,False
P049,D10,CS-BO(30),0,0.19864987662766417,30,0.6875560111376355,-2.5063791925543644,False
P049,D10,CS-BO(30),1,0.1983764375393221,30,0.548960840627255,-2.6405779509191762,False
P049,D10,CS-BO(30),2,0.19788967305786206,30,0.3022396907163438,-2.8794727973879053,False
P053,D01,commissioned-6,0,0.0932122302769653,0,0.45661039709687934,0.0,False
P053,D01,HGS-only,0,0.09284854298344764,0,0.0646576174807123,-0.39017121727162873,False
P053,D01,HGS+BO(5),0,0.09284854298344764,5,0.0646576174807123,-0.39017121727162873,False
P053,D01,HGS+BO(10),0,0.09283743527277424,10,0.05268662440174321,-0.40208779800399164,True
P053,D01,WS-BO(30),0,0.09286376675311309,30,0.08106456637051451,-0.3738388436976714,False
P053,D01,WS-BO(30),1,0.09298725019696431,30,0.21414504489349895,-0.24136326245225437,False
P053,D01,WS-BO(30),2,0.0931878753901547,30,0.4303626679273531,-0.0261284240686388,False
P053,D01,CS-BO(30),0,0.09309782560489667,30,0.333314285251296,-0.12273568793355061,False
P053,D01,CS-BO(30),1,0.0933116836761696,30,0.5637932350876396,0.10669565453886865,False
P053,D01,CS-BO(30),2,0.09283009176134037,30,0.04477238112201576,-0.4099660682825301,True
P053,D02,commissioned-6,0,0.10553346689391944,0,3.376897837351245,0.0,False
P053,D02,HGS-only,0,0.10226303225008601,0,0.1732942980195773,-3.0989549951209505,False
P053,D02,HGS+BO(5),0,0.10226303225008601,5,0.1732942980195773,-3.0989549951209505,False
P053,D02,HGS+BO(10),0,0.10226303225008601,10,0.1732942980195773,-3.0989549951209505,False
P053,D02,WS-BO(30),0,0.10232708548224763,30,0.23603860683658606,-3.0382602846685813,False
P053,D02,WS-BO(30),1,0.10245581861361543,30,0.36214108561773983,-2.9162770549342576,False
P053,D02,WS-BO(30),2,0.10209477205798234,30,0.008472491239741586,-3.258392751745398,True
P053,D02,CS-BO(30),0,0.10216843867787782,30,0.08063373888087533,-3.1885887151078762,True
P053,D02,CS-BO(30),1,0.10226138985769048,30,0.17168546779842142,-3.1005112714794114,True
P053,D02,CS-BO(30),2,0.10221561133869672,30,0.12684242965659287,-3.1438894721025124,True
P053,D03,commissioned-6,0,0.09064089877281586,0,3.1400557908164206,0.0,False
P053,D03,HGS-only,0,0.08788137458122891,0,0.0,-3.044458107706416,False
P053,D03,HGS+BO(5),0,0.08788137458122891,5,0.0,-3.044458107706416,False
P053,D03,HGS+BO(10),0,0.08787194487940887,10,-0.01073003450955401,-3.054861470810377,True
P053,D03,WS-BO(30),0,0.08811052035598671,30,0.26074441353440836,-2.791651948610241,False
P053,D03,WS-BO(30),1,0.08795221694535388,30,0.08061135190766677,-2.9663009346376334,False
P053,D03,WS-BO(30),2,0.08797828418955758,30,0.11027320497711823,-2.9375421242588406,False
P053,D03,CS-BO(30),0,0.08800814583787155,30,0.14425270115165922,-2.9045971196105413,False
P053,D03,CS-BO(30),1,0.08805471096260872,30,0.19723904206754295,-2.853223925646653,False
P053,D03,CS-BO(30),2,0.08795720436388711,30,0.08628652319053742,-2.960798541567,False
P053,D04,commissioned-6,0,0.15630920625564723,0,23.623882454713208,0.0,False
P053,D04,HGS-only,0,0.12643932802620686,0,0.0,-19.109481101572168,False
P053,D04,HGS+BO(5),0,0.12643932802620686,5,0.0,-19.109481101572168,False
P053,D04,HGS+BO(10),0,0.12643932802620686,10,0.0,-19.109481101572168,False
P053,D04,WS-BO(30),0,0.1265389592362044,30,0.07879764275311452,-19.045741279469443,False
P053,D04,WS-BO(30),1,0.12666088386579846,30,0.17522699863263824,-18.967739073128087,False
P053,D04,WS-BO(30),2,0.12655209320073366,30,0.08918520549510145,-19.037338726066555,False
P053,D04,CS-BO(30),0,0.12643524682438378,30,-0.0032277946164227522,-19.11209208138637,True
P053,D04,CS-BO(30),1,0.12643844072882457,30,-0.0007017574327083942,-19.1100487568009,True
P053,D04,CS-BO(30),2,0.12653575174726736,30,0.07626086168419643,-19.04779329483941,False
P053,D05,commissioned-6,0,0.08937787974922916,0,5.483436923872054,0.0,False
P053,D05,HGS-only,0,0.08473167196261688,0,0.0,-5.198386669775912,False
P053,D05,HGS+BO(5),0,0.08473167196261688,5,0.0,-5.198386669775912,False
P053,D05,HGS+BO(10),0,0.08473167196261688,10,0.0,-5.198386669775912,False
P053,D05,WS-BO(30),0,0.08480498954577696,30,0.08652913540101448,-5.1163556534150505,False
P053,D05,WS-BO(30),1,0.08506837356021331,30,0.3973739568658319,-4.821669747712953,False
P053,D05,WS-BO(30),2,0.08490682116901432,30,0.2067104334666281,-5.002421843927662,False
P053,D05,CS-BO(30),0,0.08502354001198593,30,0.34446157217082884,-4.871831542055327,False
P053,D05,CS-BO(30),1,0.08627266647791973,30,1.8186759208324466,-3.47425255557845,False
P053,D05,CS-BO(30),2,0.08473349907622914,30,0.0021563526010126566,-5.196342412721055,False
P053,D06,commissioned-6,0,0.24390661536038982,0,51.96206736162014,0.0,False
P053,D06,HGS-only,0,0.1608017090164163,0,0.1849010995895961,-34.07242817960471,False
P053,D06,HGS+BO(5),0,0.1608017090164163,5,0.1849010995895961,-34.07242817960471,False
P053,D06,HGS+BO(10),0,0.16079921848747974,10,0.18334941586235498,-34.073449278984434,True
P053,D06,WS-BO(30),0,0.16475425525704163,30,2.6474710351378272,-32.45191196901109,False
P053,D06,WS-BO(30),1,0.16132678165088626,30,0.5120391025140725,-33.857152085639754,False
P053,D06,WS-BO(30),2,0.16114384753471014,30,0.39806496350180964,-33.93215378901948,False
P053,D06,CS-BO(30),0,0.1605706236146864,30,0.040927081779229546,-34.16717157202498,True
P053,D06,CS-BO(30),1,0.16068770202094299,30,0.11387088706249493,-34.11917024738539,True
P053,D06,CS-BO(30),2,0.16108215132479262,30,0.359626138898439,-33.95744880195972,False
P053,D07,commissioned-6,0,0.5341261692746468,0,65.72711985244133,0.0,False
P053,D07,HGS-only,0,0.3224148817599448,0,0.03795512248336852,-39.636943421478456,False
P053,D07,HGS+BO(5),0,0.3224148817599448,5,0.03795512248336852,-39.636943421478456,False
P053,D07,HGS+BO(10),0,0.3224148817599448,10,0.03795512248336852,-39.636943421478456,False
P053,D07,WS-BO(30),0,0.32975804275325393,30,2.3163698342855588,-38.26214446652718,False
P053,D07,WS-BO(30),1,0.32920171395219583,30,2.143753746188759,-38.366301280602336,False
P053,D07,WS-BO(30),2,0.3299915924111595,30,2.388834945290652,-38.2184189066613,False
P053,D07,CS-BO(30),0,0.3261488405292925,30,1.19651702805732,-38.93786537884698,False
P053,D07,CS-BO(30),1,0.32837403578174107,30,1.8869441621526928,-38.521260580121165,False
P053,D07,CS-BO(30),2,0.3293942812998281,30,2.203502984733019,-38.33024849781249,False
P053,D08,commissioned-6,0,0.0971335624528569,0,0.5176129834127963,0.0,False
P053,D08,HGS-only,0,0.09663337555467585,0,0.0,-0.5149475480463406,False
P053,D08,HGS+BO(5),0,0.09663337555467585,5,0.0,-0.5149475480463406,False
P053,D08,HGS+BO(10),0,0.09660662446252498,10,-0.027683077401907674,-0.5424880721199399,True
P053,D08,WS-BO(30),0,0.09673898999265654,30,0.10929395498651129,-0.40621639960117806,False
P053,D08,WS-BO(30),1,0.09738841516263912,30,0.7813445443971334,0.26237348177764463,False
P053,D08,WS-BO(30),2,0.09725241770151574,30,0.6406090476365867,0.12236269900687269,False
P053,D08,CS-BO(30),0,0.09669540018399299,30,0.06418551453999388,-0.45109255523966274,False
P053,D08,CS-BO(30),1,0.09697362166482447,30,0.35209999464016484,-0.16466068369525022,False
P053,D08,CS-BO(30),2,0.0966859775283397,30,0.05443458159450909,-0.4607932759950306,False
P053,D09,commissioned-6,0,0.09700007748714494,0,0.49465597135860406,0.0,False
P053,D09,HGS-only,0,0.09652262257088613,0,0.0,-0.49222116994914744,False
P053,D09,HGS+BO(5),0,0.09652262257088613,5,0.0,-0.49222116994914744,False
P053,D09,HGS+BO(10),0,0.09649558160412502,10,-0.02801515959768297,-0.5200984330005043,True
P053,D09,WS-BO(30),0,0.09650927930548214,30,-0.013823977269356025,-0.5059771026758586,True
P053,D09,WS-BO(30),1,0.09802353447224832,30,1.5549845843236598,1.0551094510610204,False
P053,D09,WS-BO(30),2,0.09716216505493985,30,0.6625829955915652,0.1671004518696284,False
P053,D09,CS-BO(30),0,0.09658771401130882,30,0.06743646068556597,-0.4251166457993505,False
P053,D09,CS-BO(30),1,0.09711395056739831,30,0.6126315062335852,0.11739483431698616,False
P053,D09,CS-BO(30),2,0.0964964940530497,30,-0.027069838282978154,-0.5191577647574275,True
P053,D10,commissioned-6,0,0.09077803501901234,0,1.5425371121650988,0.0,False
P053,D10,HGS-only,0,0.08940794421787938,0,0.00998029936405409,-1.5092756753833814,False
P053,D10,HGS+BO(5),0,0.08940794421787938,5,0.00998029936405409,-1.5092756753833814,False
P053,D10,HGS+BO(10),0,0.0893915092042935,10,-0.008403585863614449,-1.5273802902083577,True
P053,D10,WS-BO(30),0,0.08992243375600771,30,0.5854782489316479,-0.9425201402800121,False
P053,D10,WS-BO(30),1,0.089555576560757,30,0.17511895490407436,-1.3466456483656186,False
P053,D10,WS-BO(30),2,0.09027819048473752,30,0.9834207778967485,-0.5506227736369662,False
P053,D10,CS-BO(30),0,0.08943575042180497,30,0.04108377603075919,-1.4786446929879515,False
P053,D10,CS-BO(30),1,0.08939181531861014,30,-0.008061172367324065,-1.5270430783304256,True
P053,D10,CS-BO(30),2,0.08939371690320458,30,-0.005934096977200376,-1.5249483154353705,True
P158,D01,commissioned-6,0,0.04176904981887493,0,1.7307713767374944,0.0,False
P158,D01,HGS-only,0,0.04112379207836135,0,0.15921138282080083,-1.544822645742816,False
P158,D01,HGS+BO(5),0,0.04112379207836135,5,0.15921138282080083,-1.544822645742816,False
P158,D01,HGS+BO(10),0,0.0411181784359552,10,0.14553905427401315,-1.558262363501517,True
P158,D01,WS-BO(30),0,0.041072587794351634,30,0.034500590195873926,-1.667411702069821,True
P158,D01,WS-BO(30),1,0.04106182992812488,30,0.00829922735996469,-1.6931672944843212,True
P158,D01,WS-BO(30),2,0.041216760773938384,30,0.3856416501108795,-1.322244693933572,False
P158,D01,CS-BO(30),0,0.041936561604477646,30,2.1387553562140393,0.4010428447118297,False
P158,D01,CS-BO(30),1,0.04131798426115667,30,0.6321769072166417,-1.0799038035919861,False
P158,D01,CS-BO(30),2,0.041101718067160925,30,0.1054489391804525,-1.5976704153141785,True
P158,D02,commissioned-6,0,0.045798846373361846,0,0.876266222757649,0.0,False
P158,D02,HGS-only,0,0.045583872700353974,0,0.40276649107358065,-0.4693866549724035,False
P158,D02,HGS+BO(5),0,0.045583872700353974,5,0.40276649107358065,-0.4693866549724035,False
P158,D02,HGS+BO(10),0,0.045583872700353974,10,0.40276649107358065,-0.4693866549724035,False
P158,D02,WS-BO(30),0,0.04542059339644424,30,0.04312846884941823,-0.8259006653442924,True
P158,D02,WS-BO(30),1,0.04552045863072443,30,0.2630910390312158,-0.6078488099196644,True
P158,D02,WS-BO(30),2,0.045656073321841774,30,0.5617951499021556,-0.3117394057399525,False
P158,D02,CS-BO(30),0,0.045396147675876096,30,-0.01071552966391831,-0.8792769455432725,True
P158,D02,CS-BO(30),1,0.04538788008740007,30,-0.028925670795609815,-0.8973289034651444,True
P158,D02,CS-BO(30),2,0.04553877098913237,30,0.30342573058363964,-0.567864487479186,True
P158,D03,commissioned-6,0,0.040478779074124394,0,6.12227084529835,0.0,False
P158,D03,HGS-only,0,0.038335239136169846,0,0.502602192576096,-5.295465888507445,False
P158,D03,HGS+BO(5),0,0.03825156164360604,5,0.28322686227646443,-5.502185296744977,True
P158,D03,HGS+BO(10),0,0.03825156164360604,10,0.28322686227646443,-5.502185296744977,True
P158,D03,WS-BO(30),0,0.03825156164360604,30,0.28322686227646443,-5.502185296744977,True
P158,D03,WS-BO(30),1,0.038384368501051085,30,0.6314035024386655,-5.1740952197151024,False
P158,D03,WS-BO(30),2,0.03828390764966869,30,0.3680276318317688,-5.422276745147059,True
P158,D03,CS-BO(30),0,0.038174492531412474,30,0.08117656863901868,-5.692579162262601,True
P158,D03,CS-BO(30),1,0.038372650833598435,30,0.6006835670174793,-5.203042899760479,False
P158,D03,CS-BO(30),2,0.03825922908138478,30,0.3033284050417473,-5.4832434265746794,True
P158,D04,commissioned-6,0,0.06053485568209196,0,12.448705072728504,0.0,False
P158,D04,HGS-only,0,0.05388828196135864,0,0.10212227104535732,-10.979746537497025,False
P158,D04,HGS+BO(5),0,0.05388828196135864,5,0.10212227104535732,-10.979746537497025,False
P158,D04,HGS+BO(10),0,0.05388828196135864,10,0.10212227104535732,-10.979746537497025,False
P158,D04,WS-BO(30),0,0.05383083081510725,30,-0.004598178324188851,-11.074652431967325,True
P158,D04,WS-BO(30),1,0.053815483618522314,30,-0.03310691701741142,-11.100005092698083,True
P158,D04,WS-BO(30),2,0.053884069404816035,30,0.09429708466430764,-10.986705431666577,True
P158,D04,CS-BO(30),0,0.05395518196683359,30,0.2263947897496843,-10.869231686637749,False
P158,D04,CS-BO(30),1,0.053817863421980895,30,-0.02868622724736536,-11.096073798187234,True
P158,D04,CS-BO(30),2,0.05408495656454019,30,0.4674622755644453,-10.654851729430725,False
P158,D05,commissioned-6,0,0.03980423070670381,0,10.58879067364642,0.0,False
P158,D05,HGS-only,0,0.036916407762074166,0,2.56550165496392,-7.255065336919775,False
P158,D05,HGS+BO(5),0,0.036875895726975076,5,2.4529463589616274,-7.356843550893055,True
P158,D05,HGS+BO(10),0,0.036875895726975076,10,2.4529463589616274,-7.356843550893055,True
P158,D05,WS-BO(30),0,0.036875895726975076,30,2.4529463589616274,-7.356843550893055,True
P158,D05,WS-BO(30),1,0.037539204697145126,30,4.295829277478469,-5.690415238140023,False
P158,D05,WS-BO(30),2,0.03609277958010565,30,0.2772010650145429,-9.324262925581628,True
P158,D05,CS-BO(30),0,0.03613635345619329,30,0.39826312741193526,-9.214792461477671,True
P158,D05,CS-BO(30),1,0.036563733471426246,30,1.585660502101982,-8.141087461669748,True
P158,D05,CS-BO(30),2,0.036183781704983965,30,0.5300338609346422,-9.095638673177753,True
P158,D06,commissioned-6,0,0.0435866481244078,0,0.2756241154511452,0.0,True
P158,D06,HGS-only,0,0.04363652346366048,0,0.39036752855456935,0.11442802188028622,False
P158,D06,HGS+BO(5),0,0.04363652346366048,5,0.39036752855456935,0.11442802188028622,False
P158,D06,HGS+BO(10),0,0.04362579179318735,10,0.3656782027907868,0.08980655880632682,True
P158,D06,WS-BO(30),0,0.04348461821104746,30,0.04089367204904715,-0.2340852480078759,True
P158,D06,WS-BO(30),1,0.043444870548404554,30,-0.050549966086921305,-0.3252775382006412,True
P158,D06,WS-BO(30),2,0.04363179012597581,30,0.37947799217350475,0.10356841718859311,True
P158,D06,CS-BO(30),0,0.043465160064211306,30,-0.0038718215616739826,-0.27872769626546834,True
P158,D06,CS-BO(30),1,0.043460878891651906,30,-0.013721104973285492,-0.28854990729481056,True
P158,D06,CS-BO(30),2,0.043455667344749496,30,-0.025710811471346684,-0.30050665810422705,True
P158,D07,commissioned-6,0,0.06640540872456183,0,3.5245402868613107,0.0,False
P158,D07,HGS-only,0,0.06414460623592799,0,0.0,-3.404545702009387,False
P158,D07,HGS+BO(5),0,0.06414460623592799,5,0.0,-3.404545702009387,False
P158,D07,HGS+BO(10),0,0.06400264903992686,10,-0.22130807924676255,-3.6183192465559455,True
P158,D07,WS-BO(30),0,0.06457866825281551,30,0.6766929323581916,-2.750891089795593,False
P158,D07,WS-BO(30),1,0.06452137663472597,30,0.5873765869139458,-2.837166619439835,False
P158,D07,WS-BO(30),2,0.06434775643480363,30,0.3167065959192916,-3.0986215268894446,False
P158,D07,CS-BO(30),0,0.06445051202170515,30,0.47690024731310565,-2.9438817415690433,False
P158,D07,CS-BO(30),1,0.0644154612770045,30,0.4222569238016449,-2.9966647081584696,False
P158,D07,CS-BO(30),2,0.06438703341380439,30,0.3779385237548061,-3.039474268021314,False
P158,D08,commissioned-6,0,0.04320278979819257,0,0.45501933093876623,0.0,False
P158,D08,HGS-only,0,0.04302794926745437,0,0.048480563947550515,-0.4046973159717582,False
P158,D08,HGS+BO(5),0,0.04302794926745437,5,0.048480563947550515,-0.4046973159717582,False
P158,D08,HGS+BO(10),0,0.04302794926745437,10,0.048480563947550515,-0.4046973159717582,False
P158,D08,WS-BO(30),0,0.043021880524569685,30,0.034369538093836915,-0.4187444247650385,True
P158,D08,WS-BO(30),1,0.0431867095830286,30,0.4176296546542613,-0.03722031664872283,False
P158,D08,WS-BO(30),2,0.04356791359671691,30,1.3040042786766293,0.8451394000940526,False
P158,D08,CS-BO(30),0,0.04341278618023294,30,0.9433023958943298,0.48607134636744487,False
P158,D08,CS-BO(30),1,0.043218673270777275,30,0.4919515418675635,0.03676492342021831,False
P158,D08,CS-BO(30),2,0.0432100457277547,30,0.4718908003006339,0.016795048643891697,False
P158,D09,commissioned-6,0,0.043137512141777495,0,0.4544246628773063,0.0,False
P158,D09,HGS-only,0,0.04293351345167094,0,-0.020627560331187844,-0.47290323428036407,False
P158,D09,HGS+BO(5),0,0.04293351345167094,5,-0.020627560331187844,-0.47290323428036407,False
P158,D09,HGS+BO(10),0,0.04293351345167094,10,-0.020627560331187844,-0.47290323428036407,False
P158,D09,WS-BO(30),0,0.04312176655725347,30,0.41775788364479816,-0.0365009100948499,False
P158,D09,WS-BO(30),1,0.0430999516559386,30,0.36695747231230147,-0.0870715161213953,False
P158,D09,WS-BO(30),2,0.04319477945122536,30,0.5877831793274169,0.13275524388065563,False
P158,D09,CS-BO(30),0,0.043366355955762,30,0.9873337837352114,0.5304984052681982,False
P158,D09,CS-BO(30),1,0.0432332561951459,30,0.6773840622140925,0.2219508001614079,False
P158,D09,CS-BO(30),2,0.04302260650957406,30,0.18684365042616058,-0.2663705589366905,False
P158,D10,commissioned-6,0,0.04079395585047509,0,3.872823481663823,0.0,False
P158,D10,HGS-only,0,0.039356965242604736,0,0.21384340375141253,-3.5225576385321866,False
P158,D10,HGS+BO(5),0,0.039356965242604736,5,0.21384340375141253,-3.5225576385321866,False
P158,D10,HGS+BO(10),0,0.039356965242604736,10,0.21384340375141253,-3.5225576385321866,False
P158,D10,WS-BO(30),0,0.039421753469567215,30,0.3788123537505461,-3.363739437130109,False
P158,D10,WS-BO(30),1,0.039514118409154274,30,0.6139993285265932,-3.1373212394794403,False
P158,D10,WS-BO(30),2,0.03927253976060617,30,-0.001127490984431656,-3.7295134981404465,True
P158,D10,CS-BO(30),0,0.039421753469567215,30,0.3788123537505461,-3.363739437130109,False
P158,D10,CS-BO(30),1,0.039338062505755444,30,0.16571174779571596,-3.5688947403287763,True
P158,D10,CS-BO(30),2,0.03927258710587232,30,-0.0010069366922382805,-3.729397438628279,True
P186,D01,commissioned-6,0,0.044920801613054666,0,0.9363387480727736,0.0,False
P186,D01,HGS-only,0,0.04456968907427103,0,0.14739436416264518,-0.7816257194341758,False
P186,D01,HGS+BO(5),0,0.04456968907427103,5,0.14739436416264518,-0.7816257194341758,False
P186,D01,HGS+BO(10),0,0.04456968907427103,10,0.14739436416264518,-0.7816257194341758,False
P186,D01,WS-BO(30),0,0.0445093267880781,30,0.011761251039232867,-0.9160006282189492,True
P186,D01,WS-BO(30),1,0.04450437866563737,30,0.0006428972942007505,-0.9270158422468588,True
P186,D01,WS-BO(30),2,0.044541792080532286,30,0.08471025548795197,-0.8437283372348281,True
P186,D01,CS-BO(30),0,0.044518075596640075,30,0.031419687063150015,-0.8965245542224554,True
P186,D01,CS-BO(30),1,0.044514975249048495,30,0.02445325450846081,-0.9034263624721928,True
P186,D01,CS-BO(30),2,0.044557551594736663,30,0.12012163745616089,-0.8086454499343532,True
P186,D02,commissioned-6,0,0.049118152631205135,0,0.9068443142342009,0.0,False
P186,D02,HGS-only,0,0.048670792670982434,0,-0.012198431480447969,-0.9107833586120884,False
P186,D02,HGS+BO(5),0,0.048670792670982434,5,-0.012198431480447969,-0.9107833586120884,False
P186,D02,HGS+BO(10),0,0.048670792670982434,10,-0.012198431480447969,-0.9107833586120884,False
P186,D02,WS-BO(30),0,0.0486899633554223,30,0.027185241694227535,-0.8717536243633139,False
P186,D02,WS-BO(30),1,0.048669907346615686,30,-0.014017215031081331,-0.9125857968540041,True
P186,D02,WS-BO(30),2,0.04867451900195206,30,-0.004543170057258461,-0.9031968946063951,False
P186,D02,CS-BO(30),0,0.04869762757889232,30,0.042930390138340435,-0.8561499767107517,False
P186,D02,CS-BO(30),1,0.04868144491237154,30,0.00968521042925552,-0.8890963838003807,False
P186,D02,CS-BO(30),2,0.049042581166549755,30,0.7515925873251117,-0.15385648809472796,False
P186,D03,commissioned-6,0,0.043447698785138475,0,3.1726029290299884,0.0,False
P186,D03,HGS-only,0,0.042267420355018424,0,0.36986765831577006,-2.716549928125933,False
P186,D03,HGS+BO(5),0,0.042267420355018424,5,0.36986765831577006,-2.716549928125933,False
P186,D03,HGS+BO(10),0,0.042267420355018424,10,0.36986765831577006,-2.716549928125933,False
P186,D03,WS-BO(30),0,0.04212919132731733,30,0.041623608871455,-3.0347003286446794,True
P186,D03,WS-BO(30),1,0.04219584761957328,30,0.19990824455846656,-2.8812830151395574,True
P186,D03,WS-BO(30),2,0.0421482565774841,30,0.08689669674950551,-2.9908194081359696,True
P186,D03,CS-BO(30),0,0.04246357805690003,30,0.8356714005987698,-2.2650698558402627,False
P186,D03,CS-BO(30),1,0.04213673621125334,30,0.05953998502581381,-3.0173348889390494,True
P186,D03,CS-BO(30),2,0.042107029096530135,30,-0.0110036901792121,-3.085709315097085,True
P186,D04,commissioned-6,0,0.06430174075120236,0,1.1389624852061742,0.0,False
P186,D04,HGS-only,0,0.06375940452108332,0,0.28593233405351803,-0.8434238696856666,False
P186,D04,HGS+BO(5),0,0.06375940452108332,5,0.28593233405351803,-0.8434238696856666,False
P186,D04,HGS+BO(10),0,0.06371995314500815,10,0.22388002880886493,-0.9047773814479965,True
P186,D04,WS-BO(30),0,0.0637532652004308,30,0.27627591551948605,-0.8529715437934016,True
P186,D04,WS-BO(30),1,0.06369976633193772,30,0.19212858155448487,-0.936171264155683,True
P186,D04,WS-BO(30),2,0.06356781661373861,30,-0.01541257429864551,-1.141375223889285,True
P186,D04,CS-BO(30),0,0.0636292380191795,30,0.08119596456983569,-1.0458546287649084,True
P186,D04,CS-BO(30),1,0.06359990865456772,30,0.03506437508982163,-1.0914667137087108,True
P186,D04,CS-BO(30),2,0.06354629293780104,30,-0.04926674726135616,-1.1748481527495747,True
P186,D05,commissioned-6,0,0.04266229182979455,0,5.436450900185785,0.0,False
P186,D05,HGS-only,0,0.04078443273644576,0,0.7954719559870815,-4.40168357771471,False
P186,D05,HGS+BO(5),0,0.04078443273644576,5,0.7954719559870815,-4.40168357771471,False
P186,D05,HGS+BO(10),0,0.04078202925569431,10,0.789531945046007,-4.407317313382353,True
P186,D05,WS-BO(30),0,0.040448557207186014,30,-0.03461762032201943,-5.188972574282813,True
P186,D05,WS-BO(30),1,0.04049901610557329,30,0.09008752171566492,-5.070697403814739,True
P186,D05,WS-BO(30),2,0.040581010350445534,30,0.29272975687877345,-4.8785036857665665,True
P186,D05,CS-BO(30),0,0.040442332325953984,30,-0.050001917701048004,-5.20356363576836,True
P186,D05,CS-BO(30),1,0.040452606029641916,30,-0.024611278614483645,-5.179482173551286,True
P186,D05,CS-BO(30),2,0.040849235186027774,30,0.9556260405549022,-4.249787261781779,False
P186,D06,commissioned-6,0,0.10082995930675584,0,8.991154182684102,0.0,False
P186,D06,HGS-only,0,0.09568975662263147,0,3.434902577233867,-5.097892252922842,False
P186,D06,HGS+BO(5),0,0.09568975662263147,5,3.434902577233867,-5.097892252922842,False
P186,D06,HGS+BO(10),0,0.09417657465856087,10,1.7992433953162301,-6.598618797368861,True
P186,D06,WS-BO(30),0,0.09945523062967673,30,7.505154721481833,-1.3634129047863208,False
P186,D06,WS-BO(30),1,0.09947502597020355,30,7.526552300398759,-1.34378050518712,False
P186,D06,WS-BO(30),2,0.09951924583464411,30,7.57435132854789,-1.2999246266916953,False
P186,D06,CS-BO(30),0,0.09946748417226291,30,7.51840006798874,-1.351260224501194,False
P186,D06,CS-BO(30),1,0.099467950722726,30,7.518904381129454,-1.3507975143441153,False
P186,D06,CS-BO(30),2,0.09946181300567367,30,7.512269876165045,-1.3568847101483539,False
P186,D07,commissioned-6,0,0.3263409625848979,0,20.91053046615805,0.0,False
P186,D07,HGS-only,0,0.27491929843559176,0,1.8586142111529425,-15.757036365279687,False
P186,D07,HGS+BO(5),0,0.27491929843559176,5,1.8586142111529425,-15.757036365279687,False
P186,D07,HGS+BO(10),0,0.270678020875959,10,0.28720522979956975,-17.056682455074323,True
P186,D07,WS-BO(30),0,0.27002769225251505,30,0.04625607583770286,-17.25596133759424,True
P186,D07,WS-BO(30),1,0.2699517269935987,30,0.01811066718344634,-17.279239217978805,True
P186,D07,WS-BO(30),2,0.26987568928129096,30,-0.010061585719589594,-17.3025393001093,True
P186,D07,CS-BO(30),0,0.2699416970914573,30,0.014394551441099246,-17.282312660571463,True
P186,D07,CS-BO(30),1,0.2698946898441238,30,-0.003021807099468088,-17.296716996135466,True
P186,D07,CS-BO(30),2,0.2699680946128072,30,0.02417493047817132,-17.274223721585447,True
P186,D08,commissioned-6,0,0.046421911811368316,0,0.3523024463562452,0.0,False
P186,D08,HGS-only,0,0.04625894043256591,0,2.220446049250313e-14,-0.351065633540959,False
P186,D08,HGS+BO(5),0,0.04625894043256591,5,2.220446049250313e-14,-0.351065633540959,False
P186,D08,HGS+BO(10),0,0.04625894043256591,10,2.220446049250313e-14,-0.351065633540959,False
P186,D08,WS-BO(30),0,0.04634303131645346,30,0.18178298746409638,-0.16992082367348615,False
P186,D08,WS-BO(30),1,0.046279757089421114,30,0.04500028893994479,-0.3062233251504898,False
P186,D08,WS-BO(30),2,0.04629291698409971,30,0.0734486160212322,-0.27787487036891045,False
P186,D08,CS-BO(30),0,0.04631872740290852,30,0.1292441413131229,-0.2222752239913639,False
P186,D08,CS-BO(30),1,0.04626292771481168,30,0.008619484597982563,-0.34247640899121023,False
P186,D08,CS-BO(30),2,0.04632002926375064,30,0.13205843154533436,-0.21947081376499922,False
P186,D09,commissioned-6,0,0.0463841876849303,0,0.35665144843815,0.0,False
P186,D09,HGS-only,0,0.04621934571896499,0,2.220446049250313e-14,-0.35538396637453395,False
P186,D09,HGS+BO(5),0,0.04621934571896499,5,2.220446049250313e-14,-0.35538396637453395,False
P186,D09,HGS+BO(10),0,0.04621934571896499,10,2.220446049250313e-14,-0.35538396637453395,False
P186,D09,WS-BO(30),0,0.04629043581214073,30,0.15381025427754214,-0.2021203290793694,False
P186,D09,WS-BO(30),1,0.0462429498351534,30,0.051069775699463804,-0.30449568446960784,False
P186,D09,WS-BO(30),2,0.046259181370123005,30,0.08618826281152625,-0.26950200282995773,False
P186,D09,CS-BO(30),0,0.04639792000718914,30,0.386362648467542,0.02960561118827698,False
P186,D09,CS-BO(30),1,0.04621663214417695,30,-0.005871080054931088,-0.3612341815523279,True
P186,D09,CS-BO(30),2,0.04625359188569893,30,0.07409487564402628,-0.28155241203846604,False
P186,D10,commissioned-6,0,0.04345928581180707,0,2.0589812577560096,0.0,False
P186,D10,HGS-only,0,0.04273845824625772,0,0.3662031637706731,-1.6586272693729254,False
P186,D10,HGS+BO(5),0,0.042661253775466396,5,0.18489761559328244,-1.83627508237576,True
P186,D10,HGS+BO(10),0,0.042661253775466396,10,0.18489761559328244,-1.83627508237576,True
P186,D10,WS-BO(30),0,0.04258426875514629,30,0.004107420834875697,-2.0134179389185047,True
P186,D10,WS-BO(30),1,0.04276292256215394,30,0.4236547097612675,-1.602334775285108,False
P186,D10,WS-BO(30),2,0.04260807931182856,30,0.06002369080526648,-1.9586297475400638,True
P186,D10,CS-BO(30),0,0.04257523976396906,30,-0.017096094688207053,-2.034193685709007,True
P186,D10,CS-BO(30),1,0.042596239208274954,30,0.0322186110830458,-1.9858738757682182,True
P186,D10,CS-BO(30),2,0.04257701669080068,30,-0.012923192653180315,-2.03010496957291,True
P189,D01,commissioned-6,0,0.34750958918562286,0,0.40537995160914164,0.0,True
P189,D01,HGS-only,0,0.3483709733255874,0,0.6542582690682641,0.24787348803330111,False
P189,D01,HGS+BO(5),0,0.3483709733255874,5,0.6542582690682641,0.24787348803330111,False
P189,D01,HGS+BO(10),0,0.3483709733255874,10,0.6542582690682641,0.24787348803330111,False
P189,D01,WS-BO(30),0,0.3463144846669748,30,0.06008034834366072,-0.3439054793995089,True
P189,D01,WS-BO(30),1,0.3463855520745092,30,0.08061373872403355,-0.3234549911983131,True
P189,D01,WS-BO(30),2,0.3467904266872814,30,0.1975935015657182,-0.20694752626159163,True
P189,D01,CS-BO(30),0,0.3462304051072394,30,0.03578737800813414,-0.3681003685052753,True
P189,D01,CS-BO(30),1,0.34642548884607977,30,0.09215260512762669,-0.311962712189795,True
P189,D01,CS-BO(30),2,0.3463642656367005,30,0.07446348289652516,-0.32958041578260433,True
P189,D02,commissioned-6,0,0.4397888400714768,0,3.021401521920697,0.0,False
P189,D02,HGS-only,0,0.43156384906919876,0,1.0946811885394592,-1.8702136691193139,False
P189,D02,HGS+BO(5),0,0.43156384906919876,5,1.0946811885394592,-1.8702136691193139,False
P189,D02,HGS+BO(10),0,0.43156384906919876,10,1.0946811885394592,-1.8702136691193139,False
P189,D02,WS-BO(30),0,0.42796147862097594,30,0.2508188196881811,-2.689327325490709,True
P189,D02,WS-BO(30),1,0.42719111161150225,30,0.07035883123251985,-2.864494801170281,True
P189,D02,WS-BO(30),2,0.4275677018139118,30,0.15857582747405008,-2.7788650243100177,True
P189,D02,CS-BO(30),0,0.4269763022254646,30,0.020039309695629726,-2.913338556733225,True
P189,D02,CS-BO(30),1,0.42725709289122504,30,0.08581507589335846,-2.8494918557312676,True
P189,D02,CS-BO(30),2,0.4268879054105482,30,-0.000667818209842963,-2.9334383880299963,True
P189,D03,commissioned-6,0,0.3010748032570522,0,1.1715389127210152,0.0,False
P189,D03,HGS-only,0,0.29922499145011594,0,0.5499382168737466,-0.6144027287985798,False
P189,D03,HGS+BO(5),0,0.29922499145011594,5,0.5499382168737466,-0.6144027287985798,False
P189,D03,HGS+BO(10),0,0.29922499145011594,10,0.5499382168737466,-0.6144027287985798,False
P189,D03,WS-BO(30),0,0.29785130785812197,30,0.08833305603759278,-1.0706626273797037,True
P189,D03,WS-BO(30),1,0.29767442692074697,30,0.028894948148905364,-1.1294124581398668,True
P189,D03,WS-BO(30),2,0.29825101509206997,30,0.22264850035771389,-0.937902519385303,True
P189,D03,CS-BO(30),0,0.29770156277913123,30,0.038013534369851776,-1.1203994626680758,True
P189,D03,CS-BO(30),1,0.29778677685707555,30,0.06664840952177453,-1.0920961715847777,True
P189,D03,CS-BO(30),2,0.29777757515672315,30,0.06355632019647839,-1.0951524553564074,True
P189,D04,commissioned-6,0,0.6260723289320592,0,10.704931859249545,0.0,False
P189,D04,HGS-only,0,0.5779436415003542,0,2.1946003585896046,-7.687400513899401,False
P189,D04,HGS+BO(5),0,0.5735070729049287,5,1.4101062972033729,-8.396035665207435,True
P189,D04,HGS+BO(10),0,0.5735070729049287,10,1.4101062972033729,-8.396035665207435,True
P189,D04,WS-BO(30),0,0.5661257757252787,30,0.104912051196826,-9.5750203988469,True
P189,D04,WS-BO(30),1,0.5657333496515322,30,0.035521503577529145,-9.637701027843216,True
P189,D04,WS-BO(30),2,0.5660912754719767,30,0.09881156086302134,-9.58053098471816,True
P189,D04,CS-BO(30),0,0.5656691458410196,30,0.024168696338722206,-9.64795604272658,True
P189,D04,CS-BO(30),1,0.5661796225149434,30,0.11443348331448,-9.566419668998883,True
P189,D04,CS-BO(30),2,0.5656391699724828,30,0.018868228117341346,-9.652743966925048,True
P189,D05,commissioned-6,0,0.27997920929966325,0,4.321623860393697,0.0,False
P189,D05,HGS-only,0,0.26936015800697566,0,0.36491336935040586,-3.7927999436993765,False
P189,D05,HGS+BO(5),0,0.26936015800697566,5,0.36491336935040586,-3.7927999436993765,False
P189,D05,HGS+BO(10),0,0.26933159956802927,10,0.354272355207752,-3.8030001435705785,True
P189,D05,WS-BO(30),0,0.26855626506969377,30,0.06537892592897165,-4.07992588397642,True
P189,D05,WS-BO(30),1,0.26842575207995306,30,0.01674914710116937,-4.12654112732509,True
P189,D05,WS-BO(30),2,0.26834318402317037,30,-0.014016115019943598,-4.156031908797475,True
P189,D05,CS-BO(30),0,0.2684449705501978,30,0.023910043187203023,-4.119676878264311,True
P189,D05,CS-BO(30),1,0.26837706067339606,30,-0.0013935093224226591,-4.1439322067122975,True
P189,D05,CS-BO(30),2,0.26916148450165384,30,0.2908866487769446,-3.863760035992936,True
P189,D06,commissioned-6,0,0.6168102854866637,0,46.517070211571095,0.0,False
P189,D06,HGS-only,0,0.4753029121426794,0,12.903419071922851,-22.941798584362928,False
P189,D06,HGS+BO(5),0,0.4346369737243472,5,3.243635027048919,-29.534739619100492,True
P189,D06,HGS+BO(10),0,0.4346369737243472,10,3.243635027048919,-29.534739619100492,True
P189,D06,WS-BO(30),0,0.4207980243841655,30,-0.04366798951792594,-31.77837103475737,True
P189,D06,WS-BO(30),1,0.4208080721304175,30,-0.041281248606328536,-31.776742049883357,True
P189,D06,WS-BO(30),2,0.4210072947574169,30,0.006042079675672163,-31.744443200190496,True
P189,D06,CS-BO(30),0,0.42130039561688837,30,0.07566523644968459,-31.696924397996696,True
P189,D06,CS-BO(30),1,0.42107131794669367,30,0.02125014338532072,-31.73406347877806,True
P189,D06,CS-BO(30),2,0.4211013572375041,30,0.028385674332720434,-31.72919337665473,True
P189,D07,commissioned-6,0,1.0745366671890728,0,83.14509603044726,0.0,False
P189,D07,HGS-only,0,0.7189040497838356,0,22.53071975548582,-33.096368720069094,False
P189,D07,HGS+BO(5),0,0.5867449519275526,5,0.005391949313060529,-45.395539319989496,True
P189,D07,HGS+BO(10),0,0.5867449519275526,10,0.005391949313060529,-45.395539319989496,True
P189,D07,WS-BO(30),0,0.586822084452627,30,0.01853849344055636,-45.3883611075162,True
P189,D07,WS-BO(30),1,0.5867962894198172,30,0.014141962446956313,-45.39076168011622,True
P189,D07,WS-BO(30),2,0.5866949314006281,30,-0.0031335989411962473,-45.40019439863426,True
P189,D07,CS-BO(30),0,0.5870192678463041,30,0.052146626762872295,-45.37001055702331,True
P189,D07,CS-BO(30),1,0.5869220666410929,30,0.03557955687474301,-45.379056428437394,True
P189,D07,CS-BO(30),2,0.5869722093636099,30,0.04412593226705841,-45.37438997785939,True
P189,D08,commissioned-6,0,0.386087086652585,0,1.2299898835486545,0.0,False
P189,D08,HGS-only,0,0.385713890465411,0,1.1321398192542187,-0.0966611420261887,False
P189,D08,HGS+BO(5),0,0.385713890465411,5,1.1321398192542187,-0.0966611420261887,False
P189,D08,HGS+BO(10),0,0.3856915777602088,10,1.1262895460905087,-0.10244033174103828,True
P189,D08,WS-BO(30),0,0.3815908041363586,30,0.05108841451104684,-1.16457728623085,True
P189,D08,WS-BO(30),1,0.38150079701288575,30,0.027489023302185167,-1.1878899342277593,True
P189,D08,WS-BO(30),2,0.3827977918376697,30,0.3675541990899589,-0.8519567031971542,True
P189,D08,CS-BO(30),0,0.3814203673722041,30,0.006400797370753608,-1.2087219287342355,True
P189,D08,CS-BO(30),1,0.3814782751192293,30,0.02158390203339522,-1.193723305618577,True
P189,D08,CS-BO(30),2,0.3814179608314004,30,0.005769815114065047,-1.2093452442728414,True
P189,D09,commissioned-6,0,0.38606654438799276,0,1.232404834240075,0.0,False
P189,D09,HGS-only,0,0.38442970741859395,0,0.8032017728960561,-0.42397793675532647,False
P189,D09,HGS+BO(5),0,0.38442970741859395,5,0.8032017728960561,-0.42397793675532647,False
P189,D09,HGS+BO(10),0,0.38442970741859395,10,0.8032017728960561,-0.42397793675532647,False
P189,D09,WS-BO(30),0,0.3817691410455422,30,0.1055615964023815,-1.1131250311427365,True
P189,D09,WS-BO(30),1,0.38141673465024895,30,0.013155384589724761,-1.2044062883290962,True
P189,D09,WS-BO(30),2,0.3824101157412396,30,0.2736347196153899,-0.9470980326848677,True
P189,D09,CS-BO(30),0,0.38136818644917553,30,0.000425322333663658,-1.216981374613868,True
P189,D09,CS-BO(30),1,0.38144845441635455,30,0.021472780257192348,-1.1961901487628213,True
P189,D09,CS-BO(30),2,0.3813845711242134,30,0.004721628451420656,-1.2127373717920498,True
P189,D10,commissioned-6,0,0.2857593634273032,0,0.5618889117245951,0.0,True
P189,D10,HGS-only,0,0.2902096832890057,0,2.1280058227738596,1.5573662428159274,False
P189,D10,HGS+BO(5),0,0.2902096832890057,5,2.1280058227738596,1.5573662428159274,False
P189,D10,HGS+BO(10),0,0.2902096832890057,10,2.1280058227738596,1.5573662428159274,False
P189,D10,WS-BO(30),0,0.2846436243784078,30,0.16924796745669823,-0.39044706550069863,True
P189,D10,WS-BO(30),1,0.28462595314187134,30,0.16302926335476364,-0.39663102263320926,True
P189,D10,WS-BO(30),2,0.28539662874517074,30,0.43423855454458593,-0.12693711162493626,True
P189,D10,CS-BO(30),0,0.2843795713414876,30,0.07632477555461481,-0.48285104966178105,True
P189,D10,CS-BO(30),1,0.2848350410738572,30,0.23660962529623575,-0.32346179049391743,True
P189,D10,CS-BO(30),2,0.28452000567945485,30,0.12574517642853777,-0.43370678496196247,True
